{
  "name": "SchedulerESP8266",
  "version": "1.1.0",
  "description": "This is a library for creating timed based schedules(NTP) for the ESP8266",
  "keywords": "scheduler, time, ntp",
  "repository":
  {
    "type": "git",
    "url": "https://github.com/limiteddata/SchedulerESP8266.git"
  },
  "authors":
  [
    {
      "name": "limiteddata",
      "email": "limiteddata09@gmail.com"
    }
  ],
  "dependencies": [
    {
        "owner": "Fabrice Weinberg",
        "name": "NTPClient",
        "version": "^3.0.0"
    }
  ],
  "frameworks": "arduino",
  "platforms": "espressif8266"
}
